{
  "mse": 29.748299062389684,
  "r2": -0.38878393397928157
}