{
  "mse": 119.09936073128354,
  "r2": -4.560091969759922
}