{
  "mse": 36.24782495254592,
  "r2": -0.09750628265611705
}