{
  "accuracy": 0.8181543801880045,
  "precision": 0.9698918567806003
}